Date,hd1,hd2,hd3,hd4,hd5,hd6,hd7,hd8,hd9,hd10,average,Label2,Label3
2014-01-10,Brazil Soybeans are 93% GMO Corn is 82% and Cotton is 66%,Dry Weather Impacting Crops in Southern Brazil,Argentine Farmers Hold their Grain amid Economic Turmoil,Vale Indicates a Desire to sell its Potassium Mine in Argentina,Brazilian Farmers Undecided about Safrinha Corn Acreage,Reaction to Last Week's USDA Reports,?,?,?,?,"4,26",0,0
2014-02-10,Winter Wheat May Replace some Safrinha Corn in Parana,Safrinha Soybeans Increase Nematode Populations,Wet Weather Delays Soy Harvest and Corn Planting in Brazil,Adverse Weather takes Toll on Crops in Eastern/Southern Brazil,POET May Build Four Corn-Based Ethanol Plants in M.T. do Sul,?,?,?,?,?,"4,32",1,1
2014-03-10,Brazilian Corn Producers are Slow Sellers Expecting Higher Prices,Program Encourages Grain Storage Expansion in Brazil,Grain Companies Propose Three New Railroads for Mato Grosso,Corn Earworm Damage in Bahia less than Feared,Brazilian Ranchers Combining Cattle and Row Crops for Profit,Wheat Production May Move into Central Brazil,Corn Acreage Grew Faster than Soy in Mato Grosso Last 6 Years,Uruguay Farmers Continue to Increase their Soybean Production,Safrinha Corn and Cotton Planting Wrapping up in Mato Grosso,Drought Lowers Prospects for Brazil's Sugarcane Production,"4,58",1,1
2014-04-09,Corn Earworms Bridge Gap between Soy Crops Surviving on Millet,U.S. Corn Planting Remains Behind the Average Pace,USDA's 2014 U.S. Total Acreage Numbers may be Too Small,Brazilian Farmers are slow Sellers of their 2014 Safrinha Corn,Preliminary 2014 U.S. Corn and Soy Yield and Acreage Estimates,Developing El Nino could Benefit Brazil's Corn and Soybean Crops,When Would Corn Planting in the U.S. be Considered Late?,Exporting Grain in Containers an Emerging Trend in Brazil,Corn Planting Progress Remains Slow in the U.S.,Grain Transport Costs in Brazil are 4-5 Times higher than in U.S.,"4,91",1,1
2014-05-09,El Nino could Favor Soybean and Corn Production in Brazil,First Rating Indicates the U.S. Corn is in Very Good Condition,Argentine Farmers are Slow Sellers of their 2013/14 Soybeans,Brazil Increases Biodiesel Blend to B7 Sites many Advantages,Corn Production Costs Higher in Mato Grosso for 2014/15,Biodiesel in Brazil will Increase to 7% Vegetable Oil by end of 2014,Dry Summer Weather Impacting Brazilian Sugar Production,Brazilian Gov. Supplying Low Interest Loans for new Grain Silos,Mato Grosso Safrinha Corn Estimate increased slightly by Imea,Brazilian Corn Farmers are slow Sellers Exports Lag Last Year,"5,05",1,1
2014-06-11,Sunflowers can offer Alternative to Safrinha Corn in Mato Grosso,2014/15 Brazilian Soybean and Corn Acreage and Production,2014/15 Argentine Soybean and Corn Acreage and Production,Producers in Brazil want Government help in Marketing their Corn,Economic Uncertainty in Argentina make Farmers slow Sellers,Corn-Based Ethanol Possible in Mato Grosso - at least on Paper,Domestic Corn Prices in Brazil Continue to Decline,Trip Report - Iowa Minnesota S.E. South Dakota N. Illinois,Wetness Causes Uncertainly for June Planted Report,Heavy Rains Pound NW Corn Belt resulting in Localized Flooding,"4,7",0,-1
2014-07-11,Announcement of Pepro Program Raises Corn Prices in Mato Grosso,Pepro Corn Program in Brazil set to Start by mid-August,Trip Report-Illinois Missouri S. Iowa NE Kansas and SE Nebraska,Brazilian Corn Farmers Petition Government for Price Assistance,Brazilian Government will Attempt to Limit Safrinha Soy Production,Corn Prices make small Rebound in Mato Grosso Brazil,Monsanto wants to Increase Corn Refuse areas in Brazil,Low Corn Prices in Mato Grosso Good for Corn-Ethanol Production,Brazilian Scientists Worry Bt Corn Losing its Effectiveness,Corn Prices Slump to US$ 2.27 per bushel in Mato Grosso Brazil,"4,28",0,-1
2014-08-12,Farmers in Mato Grosso Slow Sellers of old Corn and New Soybeans,Farmers in Parana Brazil Opt for More Soybean Production,Brazil Set to Increase % Ethanol in Gasoline and Veg Oil in Biodiesel,Safrinha Corn Harvest Completed in Mato Grosso,Brazilian Farmers Plant Early Maturing Soybeans to Reduce Costs,Cost of Production Estimates for 2013/14 Growing Season in Brazil,SDS and Cloudy Weather Potential Impact on Soybean Production,Farmers in Northern Parana switching Full-season Corn to Soybeans,Sugarcane Production Estimates in Brazil Continue to Move Lower,Second Pepro Corn Auction in Brazil Scheduled for August 28th,"3,63",0,-1
2014-09-11,Wet Weather Increases Concerns for Wheat in Southern Brazil,Brazil's Poultry Exports Increased by Larger Volumes to Russia,Lack of Grain Storage Chronic Problem in Brazil,Brazilian Wheat Producers are Pessimistic about Price and Quality,Wet Weather Increases Disease Pressure in Brazilian Wheat,Low Prices Convince Brazilians to Hold Onto Their Corn,Ground Breaking for First Corn-Based Ethanol Plant in Brazil,Hurdles Are High for Corn-Based Ethanol Production in Brazil,Taxes on Wheat Reduced in Rio Grande do Sul to Stimulate Sales,Brazil Gov. Subsidizing Price of Corn Cotton Wheat Oranges,"3,58",0,-1
2014-10-10,Delayed Soy Planting to Result in Less Corn Acreage in Mato Grosso,Slow Forward Selling of Soy in Brazil Old Crop Corn Sales Increase,Sorghum Silage offers Alternative to Corn in Southern Brazil,Corn Earworm Already Detected from North to South in Brazil,Argentine Soybean and Corn Acreage is Point of Disagreement,Corn-Based Ethanol on the Increase in the Center-West of Brazil,Silo Bags Fill Void of Inadequate Grain Storage in Brazil,Imports Account for 75% of Fertilizer Sales in Brazil,?,?,"3,32",0,-1
2014-11-10,Argentine Farmers may be Denied Credit due to Lack of Soy Sales,Agricultural Equipment Sales in Brazil down 16%,Farmers in Parana Wrapping up Corn and Soybean Planting,Mato Grosso do Sul has Storage for only 60% of its Grain Production,Low Prices and high Costs Lowers Enthusiasm for Safrinha Corn,Argentine Farmers continue to be Slow Sellers of their Grain,Soy Forward Sales Increasing in Mato Grosso still Lag Last Year,Only 13.6% of Brazil's Grain Storage Capacity is Located On-Farm,Brazilian Gov. Promoting more Corn-Based Ethanol Production,Brazil's Safrinha Corn Acreage to Decline due to Delayed Planting,"3,61",1,1
2014-12-10,2014/15 Corn Harvest Underway in Rio Grande do Sul in Brazil,Brazilian Scientists feel Safrinha Soybean Production Unstainable,Soybeans Increase their Dominance of First Crop Planting in Brazil,"""Grains North"" receives funding from Brazil's Development Bank",Cotton Acreage to decline 12% in Mato Grosso,After a Slow Start Farmers in Western Parana Pleased with Crops,Ranchers in Mato Grosso do Sul combining Cattle and Soybean Production,Conab Increases Brazilian Soy Estimate Lowers Wheat Estimate,2014/15 Brazilian Soybean Crop is 91.9% GMO Corn is 88.8% GMO,?,"3,81",1,1
2015-01-12,254 Cases of Soybean Rust in Brazil Slight Increase over Last Week,Dryness in Brazil Encourages Fast Soy Harvest Slow Corn Planting,Brazilian Ports Increase Capacity to Accommodate Larger Soy Crop,Farmers in Mato Grosso have sold 45% of their Soy Sales Slowing,Brazilian Farmers Confronting Increased Pest Pressures,Brazilian Farmers have sold 40% of their Soybeans Sales Slowing,Soybean Forward Sales Increase in Brazil still Lag Last Year,Conab Increases Soybean Estimate Slightly in January Report,?,?,"4,05",1,1
2015-02-10,Grain Trucks Blockaded in Mato Grosso to Protest High Fuel Prices,Crops in Western Bahia Impacted by Dry Weather,Conab Lowers 2014/15 Brazilian Soy Estimate in February Report,Safrinha Corn Production in Brazil can be Risky Proposition,"Tegram Grain Terminal Newest Member of the ""Northern Arc""",?,?,?,?,?,"3,83",0,-1
2015-03-10,Farmers in Rio Grande do Sul starting to Plant Winter Small Grains,Farmers in Paraguay increased their Safrinha Soybean Acreage,Weak Currency Stimulates 2014/15 and 2015/16 Soy Sales in Brazil,Soybean Production continues to expand in Northeastern Brazil,Interest Rates on Agricultural Production Loans to Increase in Brazil,2015 U.S. Crop Acreage - 89 mac of Corn and 85-86 mac of Soybeans,Percent Ethanol Blend in Brazilian Gasoline increased to 27%,Number of Sugar/ethanol Mills in Brazil Continues to Decline,New Export Grain Terminal open for Business in Northern Brazil,Farmers Reevaluate Safrinha Planting as Grain Prices Rise in Brazil,"3,86",0,0
2015-04-09,Corn prices fall in southern Goias,U.S. Corn Planting Surges Past 50% with Good Weather,2.6% of Mato Grosso's Corn used for Ethanol Farmers Want More,Brazilian Soy Producers Face Higher Fertilizer and Fuel Costs,Record Production Resulting in Mountains of Soybeans in Argentina,Volunteer Corn Becoming more of a Problem in Brazilian Soy Fields,Brazilian Safrinha Corn Generally Rated in Good Condition,Argentine Farmers will probably be Slow Sellers of their 2014/15 Soy,Cotton Acreage and Production to Decline in Brazil,Fire at Port of Santos in Southeastern Brazil slows Grain Exports,"3,84",0,0
2015-05-12,Mato Grosso Debating 9% Export Tax on Soybeans and Corn,Brazil's Harvest Plan Barely keeps pace with Inflation and Costs,Early Corn Harvest in Parana Underway,U.S. Corn Condition Rating holds Steady,Early Safrinha Corn Harvest Underway in Brazil,Forward Selling of Corn in Brazil Remains Slow,U.S. Corn and Soybean Planting Continue ahead of the Average Pace,Ag Cooperatives in Rio Grande do Sul Increase Market Share,Mato Grosso Corn Farmers have good Yields and Low Prices,Increase in Minimum Wheat Price not enough say Brazilian Farmers,"3,67",0,-1
2015-06-10,June Acreage Report Overestimates Harvested Acreage,Areas of Concern for the 2015 U.S. Crops,Trip Report - Indiana and Ohio,Corn Condition Improves Slightly Soybean Condition Holds Steady,Brazilian Farmers have Sold 17% of their 2015/16 Soy Production,Farmers in Mato Grosso busy Harvesting Corn and Cotton,Trip Report - Illinois Iowa Missouri,U.S. Crop Conditions Decline again due to Wetness,Parana may Follow M. Grosso in Limiting Safrinha Soy Production,Areas of Concern for the 2015 U.S. Corn and Soybean Crops,"3,6",0,-1
2015-07-10,Corn price in Mato Grosso improve due to Weaker Currency,Soybeans Enters Second Century of Production in Rio Grande do Sul,U.S. Corn Condition Unchanged Soybean Condition Up Slightly,Areas of Concern for the 2015 U.S. Crops,Corn-Based Ethanol Production Promoted in Mato Grosso,Brazil Corn Exports could Set New Record in 2015,Corn Condition Improves Slightly Soybean Condition Unchanged,Areas of Concern for the 2015 U.S. Crops,Survey for August Crop Report now Underway,Piles of Corn grow at Grain Elevators in Mato Grosso,"3,85",1,1
2015-08-12,Cotton Acreage in Mato Grosso to Increase 2%,Month-By-Month Crop Production Cycle in Brazil,Mato Grosso Farmers Produce Record High Safrinha Corn Yields,U.S. Crop Conditions Hold Steady or Decline Slightly,Grain Production in Brazil Increasing Faster than Storage Space,Wheat Production in South America Encountering Obstacles,Input Sales in Mato Grosso Brazil Continue to Lag Last Year,Paranagua Grain Exports to increase 71% over next 3 months,Trip Report - Eastern Corn Belt,2015/16 Corn Acreage in Argentina Expected to Decline Significantly,"3,88",0,0
2015-09-11,Parana follows Mato Grosso in Prohibiting Safrinha Soy Production,Frost and Wet Weather Result in Lower Brazilian Wheat Production,Parana to follow Mato Grosso and Prohibit Safrinha Soy Production,Brazilians Forward Selling Encouraged by Weaker Currency,Producing Soy and Corn in Brazil Costs More due to Weak Currency,Soybean Rust Cases decline 92% in Mato Grosso do Sul in 10 years,South American Acreage and Production Estimates,Month-By-Month Crop Production Cycle for Argentina,Crop Production Cycle for Paraguay Uruguay and Bolivia,Brazilian Corn Exports need to Ramp Up in order to meet Goal,"3,67",0,-1
2015-10-09,Brazilian Farmers Concerned about Delayed Safrinha Corn Planting,Brazil Exports Record Amount of Corn in October,Brazilian Gov. to Auction new Leases to Operate Grain Terminals,Brazil's Corn Exports Ramp up as Soybean Exports Wind Down,Mato Grosso Farmers Must Now Register Their Soybean Production,Wet Weather at Port of Paranagua Delays Brazilian Corn Exports,Analyst's Estimates for 2015/16 Brazilian Crop Production,?,?,?,"3,87",1,1
2015-11-10,Port of Paranagua Increases Grain Exports despite Excess Rainfall,Mato Grosso Expected to Double Corn Production in Ten Years,Brazilian Farmer's Innovative Solution to Lack of Grain Storage,Heavy Rains Impacting Crops in Parana,Rio Grande do Sul Reports Most Cases of Soybean Rust in Brazil,Freight Costs in Mato Grosso Increase due to New Tolls,Cotton Third Most Important Crop in Mato Grosso after Soy Corn,Conab Increases Brazil Soybean Estimate Lowers Corn Estimate,12% Tax on Grain Exports Proposed by Three States in Brazil,?,"3,77",0,-1
2015-12-09,Weaker Currency Buoys Domestic Commodity Prices in Brazil,Brazil Farmers Waiting Until Harvest Complete to Continue Selling,Millet is an Alternative to Corn or Sorghum in Northeastern Brazil,Northern Arc of Ports in Brazil Increase Grain Exports by 50%,Agricultural Chemical Sales in Brazil Decline 23% in 2015,Lower Taxes & Devalued Currency to Spur Grain Sales in Argentina,Hot and Dry Weather Impacting Soybean Production in Mato Grosso,2015/16 Brazilian Soybean Production Unchanged at 99.0 mt,Conab Increases Brazilian Soybean Estimate in December Report,Chinese and Brazilian Delegations Discuss Soybean Production,"3,66",0,-1
2016-01-12,Brazil's Corn Auction did Little to Relieve Tight Supplies,Conab Lowers Brazilian Soybean Estimate Increases Corn Estimate,Safrinha Corn Prospects Improving in Brazil,Brazil to have Seven Corn-Based Ethanol Facilities by end of 2016,Corn Prices in Rio Grande do Sul are 45% Higher than Last Year,Brazilian Governmental Auction of Corn set for February 1st,Brazil to Sell Corn Stocks to ease Shortages in Southern Brazil,Changeable Weather Impacting Brazilian Crops,Freight Rates Increase due to Devalued Brazilian Currency,Early Yield Reports of Brazilian Soybeans are Generally Sub-Par,"3,63",0,0
2016-02-09,High Corn Prices Reduce Buying Power of Poultry Producers,Record Corn Exports result in Strong Domestic Corn Prices in Brazil,Moving Grain North in Brazil could save US$ 47-60 Per Ton,Safrinha Corn Planting in Mato Grosso Reaches 65%,Farmers in Central Brazil face Higher Freight Costs and New Tolls,Spring Planting May Start Early in the Western Corn Belt,Governor of Goias Reverses Course - No Taxes on Grain Exports,Brazil Could Double Soybean Production in Cerrado Area,Safrinha Corn Planting Progressing Quickly in Brazil,Livestock producers in Santa Catarina want Relief from high Corn Prices,"3,65",0,0
2016-03-09,Domestic Corn Prices in Brazil Continue Strong,Brazil and Argentina increase use of Biofuels,Brazilian Corn Losing Competitiveness against U.S. and Argentina,U.S. Corn Acreage may be lower than Prospective Plantings Report,With Depleted Corn Stocks Brazil Risks Running out of Corn,Brazil's Wheat Production could Increase in Spite of Lower Acreage,Brazil Importing Corn for Livestock Sector in Southern Brazil,Costs Increasing in Brazil Farmers Purchasing Inputs for Next Year,Tight Supplies Result in Record High Corn Prices in Southern Brazil,Wheat Acreage in Brazil may Decline again in 2016,"3,6",0,-1
2016-04-12,Wheat Production to Increase in Argentina Decrease in Brazil,Estimates for Brazil's Safrinha Corn Continue to Decline,Brazil's Safrinha Corn Impacted by Adverse Weather,Wheat Acreage in Parana Continues to Decline,Railroads expand their share of Grain Transport in Brazil,Safrinha Corn in Brazil Receives Welcomed Rain and Cooler Temps,2015/16 South American Soybean Production now Below Last Year,U.S. Corn Planting is 30% Complete well Ahead of the 16% Average,Brazil's Safrinha Corn Continues to Suffers from Hot Dry Weather,Grain Exchange in Argentina lowers Soy Crop 4 mt to 56 Million,"3,64",1,1
2016-05-10,Frost in Southern Brazil could impact Safrinha Corn in Parana,Domestic Soybean Prices Surge in Brazil,Poultry Producers in Parana lose Birds due to lack of Corn,Estimates of the Safrinha Corn Crop in Brazil Continue to Decline,Soybean Prices at Brazilian Ports could hit R$ 100 Per Sack,U.S. Corn Planting 94% Soy 73% Both Slightly Ahead of Average,Trip Report - Indiana and Western Ohio,Corn Scarcity points to Lack of Grain Storage in Brazil,Chickens Dying of Starvation in Parana for lack of Corn,Two More Harvests Needed to Stabilize Corn Situation in Brazil,"3,79",1,1
2016-06-10,Corn Prices in Brazil Remain Strong due to Lower Production,Conab Slashes Brazilian Corn Estimate by 7 Million Tons,Farmers in Santa Catarina in Southern Brazil may Plant More Corn,2016 U.S. Crop Conditions - Corn Steady Soybeans down 2%,Brazilian Soybean Exports Strong Corn Exports Decline,Safrinha Corn Yields in Jatai Goias Expected to be down 40%,Cost of Controlling White Flies Surging in Brazil,2016 U.S. Crop Conditions - Corn Steady Soybeans down Slightly,2016 State Rankings for U.S. Crops,Report Concerning Cost of Production in North & South America,"4,07",1,1
2016-07-12,Brasil Trying to clear way to Import 1.5 Million Tons of U.S. corn,Freight Rates Decline in Brazil due to Excess Capacity,U.S. Corn Condition Declines 2% Soybeans Unchanged,Harvesting and Planting Corn at the Same Time in Southern S.A.,Domestic Corn Prices in Brazil continue to Surge Higher,Corn Harvest in Mato Grosso do Sul reaches 38% Yields Disappoint,Brazil could Run Out of Corn Again in Early 2017,Early Corn Planting Underway in Rio Grande do Sul,Dry Weather results in Increase in Fires in Central Brazil,Brazil's Safrinha Corn Estimates continue Declining,"3,87",0,-1
2016-08-12,Tolls Increase in Brazil Farmers could Pay $ 0.90 per/bu Just in Tolls,Mato Grosso Legislator Promotes Increased use of Irrigation,U.S. Corn Condition Declines Slightly Soybeans hold Steady,Conab Lowers Brazilian Corn Production 1.5 mt in Sept. Report,Brazilian Poultry and Hog Producers React to Higher Corn Prices,Brazil May Need to Import Corn Soybeans Soy Meal and Cotton!,First Vessel of Imported Corn Arrived in Brazil Last Week,Cost of Producing Soy in Mato Grosso do Sul to increase 11%-12.5%,Weak La Nina could Impact 2016/17 South American Crops,4.2% of Safrinha Corn Acreage in Mato Grosso was Abandoned,"3,31",0,-1
2016-09-12,Brazilian Cotton Production to Rebound from Disappointing 2015/16,Brazilian Commission Approves GMO Corn Imports from the U.S.,Price of Wheat in Parana below Government Minimum,Planting of Spring Crops in South America Ahead of Schedule,Reduced Corn Production in Brazil resulting in Lower Freight Rates,Increased Pork Exports helps Brazilian Hog Producers,South American Crop Production vs. the United States,2016/17 Brazil Soybean Planting 2% Argentine Corn Planting 15%,After Poor 2015/16 Cotton Acreage in Bahia to Decline another 18%,"Construction of ""Grain Railroad"" given OK by Brazilian President","3,26",0,-1
2016-10-12,Forward Selling of Soy and Corn in Brazil Slower than Last Year,Early Soy Planting Allows Early Safrinha Corn Planting in Parana,Brazil Levies Fines for Illegal Grain Production in Amazon Region,Export Tax Plan in Argentina could Result in Slow Farmer Selling,Export Tax Plan in Argentina could Result in Slow Farmer Selling,Argentine Corn Planting 32% Soybeans 1%,Only Light Interest Expressed in Importing U.S. Corn into Brazil,Mato Grosso Corn Acreage Unchanged in 2016/17 Yields Improve,October Crop Report - U.S. Corn Yield Lower Soy Yield Higher,Brazil Farmers slow to Forward Contract 2016/17 Soy Production,"3,37",1,1
2016-11-09,In Brazil - Weaker Currency Political Unrest Declining Corn Prices,Brazil to Expand Biodiesel Production over Next Few Years,Argentina Planting - Soy Slower than Average Corn Much Slower,Grain Sorghum an Option for Late Planted Safrinha Crop,Argentina Planting Progress - Soybeans 24% Corn 40%,Weaker Currency Increases Sales in Brazil Still Behind Last Year,86% of Mato Grosso Cotton will be Safrinha Production,Brazil May Import only a Small Amount of U.S. Corn,Brazil Currency U.S. Election Nov. Crop Report Brazil Politics,Conab Lowers Brazil Soy Estimate Slightly Increases Corn Slightly,"3,51",1,1
2016-12-09,Conab Increases Brazil Crop Estimates Survey Several Weeks Old,Argentine Corn Impacted by Recent Wet Weather,First Corn-Based Ethanol Facility set to open in Mato Grosso in June,Grain Exchange lowers Argentina Soy Acreage 300000 Hectares,Argentina Corn Crop needs Dryer Weather to Complete Planting,Soy Export Tax in Argentina will Decline starting in January 2018,Crop Insurance in Brazil Covers only 15% of Crop Production,Brazil's Second Crop of Corn could set New Record,Conditions Continue Favorable for Brazilian Crops,Weekend Rains help Argentina's Soybean and Corn Crops,"3,47",0,-1
2017-01-12,Safrinha Corn Planting in Mato Grosso slow at 10%,Trip Report - Mato Grosso and Central Brazil,Early Safrinha Corn Planting in Brazil delayed by Wet Weather,Early Corn Planting underway in Mato Grosso,Brazilian Trip Report - Goias and Southeastern Mato Grosso,Soy Production in Paraguay and Uruguay could set Record Highs,Corn Prices in Brazil under Pressure from Increased Production,Saturated Conditions Impacting Crops in Central Argentina,Early Soybean and Corn Harvest about to get Underway in Parana,?,"3,54",1,1
2017-02-09,Biodiesel Blend in Brazil Increased from B7 to B8 could go to B15,Brazilian Farmers are Slow Sellers of their 2016/17 Soybeans,Two New Corn-Based Ethanol Facilities in South America,Crops in Southern Buenos Aires Impacted by Prior Dry Conditions,Argentine Crops Continue to Benefit from Favorable Weather,Crop Insurance Covers 4.4% of Grain Production in Mato Grosso,Brazilian Farmers Increase Fertilizer Purchases,Mexico to Import more Corn and Soy from Brazil and Argentina,2016/17 Brazilian Safrinha Corn 36% Planted,"""Grain Railroad"" and BR-163 Key to Moving Grain North in Brazil","3,64",1,1
2017-03-09,Brazilian Soybean Prices Slumping Farmers Remain Slow Sellers,Cattle Prices Decline in Brazil as Processors Slow Production,Brazilian Farmers are Slow Sellers Hoping for Higher Soybean Prices,Reaction to USDA 2017 Prospective Plantings Report,Rainfall Welcomed across Southern Corn Belt at least for Now,Corn Prices in Mato Grosso Slump to Breakeven or Below,Prospective Planting Report to be released at end of the Week,Brazil's Largest Food Companies Accused of Selling Tainted Meat,Brazil to Export Record Large Amounts of Soybeans and Corn,Cotton Production in Mato Grosso Brazil Expected to Increase 12%,"3,73",1,1
2017-04-11,Slow Planting in U.S. could result in Lower Corn Acreage and Yields,Brazilian Farmers Continue to be Slow Sellers of 2016/17 Soy Crop,2017 Wheat Acreage in Parana to Decline 8-10%,Early Onset of Dry Weather Could Impact Safrinha Corn in Brazil,2016/17 Soybean and Full-season Corn Yields set Records in Parana,Some Corn and Soy Replant needed Wheat Impacted as Well,Much of Mato Grosso's Corn Production will be Piled Outside,Brazil Gov. to Subsidize Corn Prices in Mato Grosso this Week,Drying Weather and Slumping Corn Prices Worry Farmers in Goias,2017 U.S. Corn Planting Nearly Catches up to Average Pace,"3,61",0,-1
2017-05-10,Decline of JBS to create Openings for Small and Medium Processors,Fertilizer Deliveries in Brazil Decline during First Trimester of 2017,U.S. Corn Planting 96% Complete 68% Rated Good to Excellent,Dry Conditions Developing in Northwestern Corn Belt,Conventional Soy Production in Mato Grosso to increase in 2017/18,Safrinha Corn Harvest begins in Brazil and Corn Prices Decline,Low Grain Prices Challenge Brazilian Farmers,2017 U.S. Corn 91% Planted 65% Rated Good to Excellent,Trip Report - Eastern Illinois and Western Indiana,Early Safrinha Corn Harvest starts slowly in Mato Grosso,"3,66",1,1
2017-06-09,U.S. Crop Conditions Decline due to Hotter and Dryer Conditions,As Soy Prices Improve Brazilian Farmers Cautiously Optimistic,Open-Air Piles of Safrinha Corn Starting to Appear in Mato Grosso,2017 U.S. Corn Condition Improves Slightly Soy Condition Declines,Comparing Acreage and Production - U.S. Brazil and Argentina,Chronic Lack of Grain Storage Difficult Problem to Solve in Brazil,2017 U. S. Corn Condition Steady Soybeans Decline Slightly,Safrinha Corn Harvest Underway in Brazil,Soy Production in Uruguay Rebounds to Record High Production,Corn Development Phases and their Impact on Potential Yield,"3,72",1,1
2017-07-12,Corn Harvest in Mato Grosso Wrapping Up Prices Disappoint,U.S. Corn Crop Declines Slightly Soybeans Improve Slightly,Brazil Poised to Surpass the United States in Soybean Production,Low Commodity Prices Worry Parana Farmers in Southern Brazil,Trip Report - Iowa Minn. N. Dakota S. Dakota Northern Illinois,U.S. Corn Condition Declines Slightly Soybeans Improve,Trip Report - Indiana and Western Ohio,U.S. Corn Condition Declines 2% Soybeans Decline 4%,U.S. Crop Conditions Decline - Areas of Concern for U.S. Crops,U.S. Crop Conditions Decline Especially in the Western Corn Belt,"3,77",1,1
2017-08-10,Imea increases Estimate of Mato Grosso's Corn Production,U.S. Corn Condition declines Slightly Soybeans hold Steady,Soy Acreage up Soy Production Down in R. Grande do Sul in 2017/18,Brazilian Cotton Producers to Increase Acreage 11% in 2017/18,Bolivia will Sell Urea to Brazil and Brazil will Sell Soybeans to Bolivia,U.S. Corn Condition Unchanged Soybeans Improve Slightly,Ethanol is Option for Excess Corn Production in Mato Grosso,Slow Selling Results in Shortage of Grain Storage in South America,U.S. Corn Condition Unchanged Soybeans Improve Slightly,Cost of Good Agricultural Land in Parana Averages $8070 per acre,"3,73",0,-1
2017-09-12,Conab 1st 2017/18 Brazilian Crop Est. - Soybeans 107 mt Corn 93 mt,2017/18 Brazilian Soybean Acreage Increase by Regions,Mato Grosso Farmers have sold 15% of their 2017/18 Soy Production,Corn Offers Better Returns than Soybeans for Farmers in Argentina,2017 U.S. Corn Condition Steady Soybeans improve Slightly,Farmers in Argentina have Planted 12% of their 2017/18 Corn Crop,Brazil Wheat Crop may Disappoint in both Yield and Price,U.S. Corn Condition holds Steady Soybeans down Slightly,Increased Odds of La Nina could Impact South American Crops,Study Indicates Corn-Based Ethanol Feasible in Mato Grosso,"3,5",0,-1
2017-10-12,Does Late Safrinha Corn Planting in Mato Grosso impact Yield?,Chinese Investors to build 30 Grain Silos in Mato Grosso,Second (and larger) Corn Ethanol Plant Announced for Mato Grosso,Slow Soy Planting in Goias could impact Safrinha Corn Production,Farmers in Argentina Planting Summer Crops at Average Pace,Brazilian Currency Weakens - Brazilian Farmers Increase Sales,Margins on Soy Production in Mato Grosso in 2017/18 will be Tight,68.3% of Ag Income in Brazil from Crops 31.7% from Livestock,Mato Grosso Produces 6.5 Times more Corn than Consumed Locally,Rate of Deforestation in Brazilian Amazon Region declines in 2017,"3,51",0,0
2017-11-09,Brazilian Farmers Slow Sellers in spite of Increasing Prices,Brazilian Cotton Acreage could increase 20% in 2017/18,Proposal Introduced in Brazilian Congress to Tax Grain Exports,Normal Planting Pace for Argentine Soy Corn Slower than Average,2017/18 Corn Acreage in Brazil could Disappoint,Brazilian Farmers Hope for better Corn Prices in 2018,"Backers Urge Brazilian President to Approve ""Grain Railroad""",Weaker Currency Stimulates Corn Sales in Brazil,Mato Grosso's Corn Production could decline 4 mt in 2017/18,Reuters Survey - Average Brazil Soy Production 109.4 Million Tons,"3,49",0,0
2017-12-12,Early Safrinha Corn Planting Underway in Parana,Brazilian Corn Production yet to be Determined,Cotton Acreage in Mato Grosso expected to increase 15.8%,Brazilian Farmers lack Enthusiasm for 2017/18 Safrinha Corn,Soy Planting in Brazil Complete Safrinha Corn yet to be Determined,Argentina Soy Planting on Pace Corn Planting Extremely Slow,Conab Increases Brazilian Soybean Estimate Corn declines Slightly,?,?,?,"3,46",0,0
2018-01-12,Safrinha Corn in Brazil 10.6% Planted Mato Grosso 16% Planted,Argentina Corn Crop being impacted by Hot and Dry Conditions,Crops in Uruguay being impacted by Hot and Dry Weather,Hot and Dry Conditions could impact Crops in Argentina,New Route to Import Corn from Paraguay into Southern Brazil,Forward Soybean Sales have been slow in Brazil,Weather in Uruguay has been inconsistent for Soybean Production,Brazilian Farmers Moving Old Crop Corn to make room for Soy,Brazilian Corn and Soybean Production Maps from Conab,Conab Increases Brazilian Soybean Estimate 1.2 Million Tons,"3,5",1,1
2018-02-08,2017/18 Brazil Safrinha Corn 63% Planted,Argentina Corn 3.2% Harvested Yields Dissapoint,Buenos Aires Grain Exchange Slashes Soybean Production Estimate,Soybean Production in Uruguay also impacted by Dry Weather,Brazilian Safrinha Corn Crop is 43% Planted,Argentine Soybean Estimate Continues to Decline,83% of Mato Grosso's Cotton is Safrinha Production,Mexico Cracks Open the Door for Corn Imports from Brazil,Crop Estimates in Argentina Continue to Decline,Planting of the Safrinha Corn in Brazil Proceeding Slowly,"3,55",1,1
2018-03-08,Safrinha Corn in Excellent condition in central Mato Grosso,Argentina Crops Received some rain but more is Needed,Brazil may Import Corn from U.S. and Argentina,Industrialization is the Cure for Low Corn Prices in Mato Grosso,Brazil could increase Irrigated Crop Acreage 65% in Six Years,Barge Operator to Truck Grain out of Mato Grosso to the Amazon,Brazil's Safrinha Corn Crop Planting Nearly Complete,Argentina Corn 13.3% Harvested Rains Disappoint Again,Safrinha Corn Planting Complete in Mato Grosso,Safrinha Corn in Brazil 92% Planted Rated in Good Condition,"3,72",1,1
2018-04-10,Brazil Safrinha Corn Continues to be impacted by Dry Weather,U.S. Planting Progress - Corn a little Slow Soybeans a little Ahead,Farmers in Mato Grosso are slow Sellers in Spite of Improved Prices,Wheat Production in South America could increase 5.9% in 2018,U.S. Corn Planting 17% Complete about a week slower than Average,Only 1.2% of Deforestation in Amazon Region due to Soy Production,Brazilian Soybean Farmers very Pleased with Strong Prices,Safrinha Corn in Southern Brazil being impacted by Dry Weather,Farmers in NE Brazil are very pleased with this Year's Production,Domestic Corn Prices Strengthen in Mato Grosso,"3,82",1,1
2018-05-10,Soybean Prices Rise in Brazil Fueled largely by Weaker Currency,2018 U.S. Crops off to a Strong Start,Safrinha Corn Harvest starting in Mato Grosso,Analyst Lower their 2017/18 Brazilian Corn Estimates,Brazilian Farmers are finally selling their Wheat at a Profit,Brazilian Organizations Criticize Increased Freight Rates,Rosario Grain Exchange lowers their Argentine Crop Estimates,Brazil Corn Estimates Decline in Spite of first Rainfall in Weeks,2018 U.S. Planting Pace - Corn now Average Soybeans Advanced,Weaker Brazilian Currency results in Improved Soy Prices,"3,92",1,1
2018-06-12,Conab lowers Brazil's Safrinha Corn Estimate 2.2 mt in July Report,U.S. Corn Condition Declines Slightly Soybeans Unchanged,U.S. Corn Condition Declines 1% Soybeans Decline 2%,Freight Dispute continues to cause Havoc with Brazilian Grain Trade,June Planted Report offers few Surprises,Agroconsult lowers Brazilian Corn Estimate,Corn Deficits Worry Livestock Producers in Southern Brazil,2018 U.S. Crops Continue to be Rated Very Good,U. S. Corn Condition Declines Slightly Soybeans Unchanged,Grain Trade in Brazil has been Minimal for more than Three Weeks,"3,93",0,0
2018-07-12,Safrinha Corn Harvest in Parana approaching 50% Complete,Trip Report - Iowa and Northern Illinois,More Corn-based Ethanol to come online in Brazil,Crops in Santa Cruz region of Bolivia suffering from Severe Drought,Safrinha Corn Production in Brazil continues to Disappoint,August Weather will determine Final 2018 U.S. Corn Yield,Forward Selling Slow in Brazil due to Uncertainty over Freight Rates,Flower Prices Increase in Brazil due to Higher Freight Rates,Safrinha Corn Harvest in Brazil reaches 50%,High Freight Rates increase Cost of Producing Crops in Mato Grosso,"3,55",0,-1
2018-08-10,Annual Month-By-Month Crop Production Cycle for Argentina,Crop Production Cycle for Paraguay Uruguay and Bolivia,Annual Month-By-Month Crop Production Cycle in Brazil,Corn Planting and Wheat Harvest in Parana off to a slow Start,2018 U.S. Corn Condition Declines Slightly Soybeans Unchanged,New Programs Launched for Construction of Grain Storage in Brazil,2018/19 Corn Acreage in Argentina could increase 7.4%,U.S. Corn Condition Holds Steady Soybeans Improve,Farmers in Bahia very Pleased with Cotton Production and Price,Brazilian Soybean Prices supported by Weaker Brazilian Currency,"3,59",1,1
2018-09-12,Scattered Problems for First Phase of Corn Planting in Argentina,History of How Brazil became so Important in Soybean Production,Soy Farmers in Mato Grosso do Sul are Planting Fast and Selling Fast,Cotton Acreage and Production continues to increase in Brazil,South American could set new Records for Soy and Corn Production,More Corn will be consumed domestically in Mato Grosso,Soybean and Full-Season Corn Planting in Parana at Record Pace,Conventional Soybean Acreage in Mato Grosso to Decline in 2018/19,U.S. Corn Condition Steady Soybeans Decline 1%,Freight Increases forcing some Companies to refuse new Business,"3,58",0,0
2018-10-11,First Case of Soybean Rust reported in Commercial Fields in Brazil,Proposal would increase Brazil's Biodiesel Blend to B15,Corn-Based Ethanol production focus of Meeting in Mato Grosso,Corn-Based Ethanol production focus of Meeting in Mato Grosso,Brazil's 2018/19 Corn Crop could set a New Record High Production,Strong Machinery sales in Brazil expected to continue into 2019,Mato Grosso could produce more Corn than Soybeans by 2022,Dry Weather in western Argentina slows Corn Planting,Stronger Brazil Currency results in Declining Grain Prices in Brazil,Forward Selling of Soybeans in Brazil Grinds to a Halt,"3,59",0,0
2018-11-08,Corn-Based Ethanol helps to hold down Gasoline Prices in Brazil,Deforestation in Mato Grosso increased for Second Consecutive Year,2018/19 Brazilian Crops continue to be Rated Very Good,Brazil's Cotton Exports could increase 35% in 2019,"""Grain Railroad"" could lower Cost out of Mato Grosso by 30%",Santa Catarina runs 4 Million Ton Deficit in Corn Production,2018/19 Crops in Brazil off to a Very Good Start,Planting of 2018/19 Crops in Argentina a little slower than Average,Imea Releases their First Corn Production Estimate for Mato Grosso,Farmers in Mato Grosso to increase Cotton Acreage by 18%,"3,69",1,1
2018-12-11,2018/19 Brazil Safrinha Corn Planting off to a Record Fast Start,Outside of Saturated Areas 2018/19 Argentina Crops doing Fine,Soybean Prices in Mato Grosso decline as Harvest Progresses,2018/19 Argentina Crops Complicated by Saturated Conditions,2018/19 Brazil Safrinha Corn being Planted at Record Pace,Brazilian Farmers have sold 33.7% of their 2018/19 Soy Production,Outside of Saturated Areas Argentina's Crops Progressing Well,Brazilian Farmers start planting their 2018/19 Safrinha Corn,Minimum Freight Rates Increased in Brazil,Condition of Argentina Corn Improving,"3,7",0,0
2019-02-08,2018/19 Safrinha Corn Planting Essentially Complete in Mato Grosso,Early 2018/19 Corn Yields in Argentina are Good,Soybean Premiums and Prices Move Higher in Brazil,Spring Weather could Impact 2019 Corn and Soy Acreage in U.S.,Weather Generally Beneficial for Start of Safrinha Corn in Brazil,Ethanol Produced from Corn Increasing Rapidly in Brazil,"""Northern Arc"" of Ports account for 28% of Brazil's Grain Exports",Brazil has Three Distinct Corn Crops,Livestock Producers in Southern Brazil importing Argentine Corn,Brazil's Safrinha Corn off to an Early Start,"3,78",1,1
2019-03-08,Anec Estimates Lower Brazilian Soybean and Corn Exports,Farmers in Parana hoping for Good Safrinha Corn Crop,USDA Report may Overestimate Corn Underestimate Soy Acreage,Good Early Corn Yields in Argentina Soy Harvest just Starting,Another Corn-Based Ethanol Facility for Mato Grosso Brazil,Brazilian Farmers Optimistic about Safrinha Corn Production,Brazilian Safrinha Corn in Good Condition Dryness Worries,Early Argentine Corn Yields Exceed Expectations 8.5% Harvested,Early Soy Harvest Underway in Argentina Good Yields Reported,Cordoba Argentina Could Harvest Record Large Corn Crop,"3,73",0,-1
2019-04-09,Brazilian Land Prices Reflect Agricultural Usage,Corn-Based Ethanol now 4.6% of Brazil's Ethanol Production,Equipment Sales Soar at Successful Agrishow-2019 in Brazil,Continued Slow Planting of U.S. Corn 23% Planted vs. 46% Average,Increased Cotton Prod. Stimulates Cotton Harvester Sales in Brazil,Deforestation Declined in Brazil in 2018 Much More Work Needed,The State of Mato Grosso leads Brazil in Cattle Production,Brazilian Exporters Unhappy about Increase in Freight Rates,Soybean Premiums decline significantly at Brazilian Ports,Farmers in Rio Grande do Sul like their Soy Yields but not Soy Prices,"3,68",0,-1
2019-05-10,Safrinha Corn Yields in Mato Grosso already Setting Records,Imea Estimates Soy Area in Mato Grosso to Increase 0.6% in 2019/20,Brazilian Farmers very hopeful concerning their 2019 Safrinha Corn,2019 U.S. Corn Planting Record Slow at 67% Complete,Brazilian Soybean Prices follow U.S. Prices Higher,2019 U.S. Corn only 58% Planted Faces Many Challenges,Safrinha Corn Harvest begins in Brazil big Yields Expected,Conab to Reduce the Number of its Grain Storage Facilities in Brazil,Brazil's Corn Exports could Exceed 30 Million Tons in 2019,Corn-Based Ethanol Production continues to Expand in Brazil,"3,59",0,-1
2019-06-11,Hard Freeze Negatively Impacted Crops in Southern Brazil,2019 U.S. Crops continue to be behind in their Development,Trip Report - Northern Illinois - July 5 2019,U.S. Corn Condition Improves Slightly Soybeans Decline Slightly,Another Corn-Based Ethanol Facility set to open in Mato Grosso,Soy Prices could decline 23% if Brazil's Kandir Law Revoked,2019 U.S. Corn Crop only 94% Emerged vs. Average of 100%,Brazilian Farmers making Progress Harvesting their Safrinha Corn,Parana Farmers Planting Wheat and Harvesting Safrinha Corn,Cost of Producing Corn and Cotton in Mato Grosso on the Rise,"3,99",1,1
2019-07-11,Soybean Prices Improving for Brazilian Farmers,First Look at 2019/20 South American Crop Production,Condition of U.S. Corn Crop declines 1% to 57% Good to Excellent,Brazil Ministry - Soy Production to Expand 32.9% over next Decade,Condition of the 2019 U.S. Corn Crop shows Slight Improvement,Brazilian Supreme Court allows Iranian Grain Vessels to be Refueled,Freeze results in Lower Wheat Production in Parana Brazil,U.S. Corn Condition declines 1% to 57% Good to Excellent,Reaction to the S. American Estimates in the July WASDE Report,2018/19 Brazil Safrinha Corn Harvest Surpasses 50%,"4,39",1,1
2019-08-12,U.S. Corn Conditions down 3% due to Weather lack of Nitrogen,2019 U.S. Corn Condition declines 3% gd/ex Soybeans Unchanged,Economics and Politics Favor Soy over Corn in Argentina in 2019/20,3% of Full-Season Corn Planted in Parana in Southern Brazil,AgRural Projecting 1.1% increase in Brazil Soy Acreage in 2019/20,2019 U.S. Corn Condition improves 1% G/E Soybeans Unchanged,Soybean Prices in Brazil continue to Move Higher,Farmers in Parana trying to Revive Cotton Production,2019 U.S. Corn Crop Improves Slightly remains Highly Variable,Brazilian Sugarcane Acreage to Decline 2.4% in 2019/20,"4,16",0,-1
2019-09-12,20% of Argentine Corn Planted Very Little Soy Dryness Worries,U.S. Crops Could be Impacted by Freezing Temperatures,2019/20 Argentina Corn 16% Planted very few Soybeans Planted,2019 U.S. Crops Continue Slow March toward Maturity,Estimates from the B. A. Grain Exchange and its Meteorologists,Deforestation Declined in Mato Grosso as Grain Prod. Increased,Santa Catarina to increase Soybean Acreage Decrease Corn Acreage,Too Much Rain in NW Corn Belt Too Little in Southeastern U.S.,2019 U.S. Corn Condition Improves Soybeans Unchanged,2019 U.S. Crops remain behind in Development,"3,61",0,-1
2019-10-10,Significant Losses of Grain in Brazil Occurs during Transport,Delayed Soybean Planting in Brazil could Impact Safrinha Corn,2019/20 Argentina Corn Crop 40% Planted,Argentina Expected to Increase Commodity Export Taxes,Brazil's Northern Arc of Ports to Export 35 Million Tons of Grain,Soybean Prices in Brazil Decline 5% over last Two Weeks,2019/20 Argentina Corn 35% Planted Slightly Slower than Average,Mato Grosso Accounts for 52% of Brazil's Corn Exports,Brazil could have 16 Corn-Based Ethanol Facilities by 2021,Mato Grosso Farmers Increase Forward Contracting of Corn,"3,78",1,1
2019-11-08,Argentina Soy 39% Planted Corn 46% Dryer Forecast Worries,Record Corn Exports Could Result in Corn Shortages in Brazil,2019/20 Full-Season Corn in Brazil OK Safrinha to be Determined,Surging Corn Exports Result in Higher Corn Prices in Brazil,Argentine Farmers Switching Some Intended Corn to Soybeans,Delayed Soy Planting Could Reduce Brazil's Safrinha Corn Acreage,Brazil Could Import a Small Amount of Corn Due to Tight Supplies,Safrina Corn will be Planted Late in Mato Grosso do Sul,Strong Corn Prices in Mato Grosso Brazil's Largest Corn Producer,2019/20 Argentina Soybeans 20% Planted Corn 45% Planted,"3,88",1,1
2019-12-10,Drought Impacting Crops in Rio Grande do Sul in Southern Brazil,2019/20 Argentina Corn Helped by Rain Needs More,Full-season Corn Impacted by Dry Weather in Southern Brazil,Brazilian Farmers Planting Pasture Grass with Safrinha Corn,Workshop Promotes Wheat Production in Mato Grosso Brazil,Brazil Exports First Shipment of Dry Distillers Grain,Brazil Could Have Lowest Corn Carryover in Six Years,2019 Corn Prices in Mato Grosso Averaged 17% More than in 2018,New Joint Venture in Brazil for Corn-Based Ethanol Production,Corn in Argentina 55% Planted 26% Pollinating Dryness Worries,"3,73",0,-1
2020-01-10,China's Grain Purchases Focused on Brazilian Soybeans,Domestic Corn Prices in Brazil Expected to Remain Strong in 2020,2019/20 Brazilian Safrinha Corn Acreage Uncertain,Port of Itaqui Destined to be one of the Largest Grain Ports in Brazil,Ethanol Stimulates Safrinha Corn Production in Mato Grosso,2019/20 Argentina Corn 97% Planted 190000 ha Left to Plant,Corn Prices and Corn Sales in Brazil Expected to Remain Strong,Truckers want More than the 11-15% Increase in Freight Rates,Brazilian Farmers have Started to Plant their 2020 Safrinha Corn,Tight Corn Supplies in Southern Brazil could Worsen in Near Future,"3,85",1,1
2020-02-11,Domestic Grain Prices in Brazil Setting Record Highs,Domestic Corn Prices in Brazil Continue Very Strong,Emater Lowers Soy and Corn Estimates in Rio Grande do Sul,Hot and Dry Weather Could Impact Late Crops in Argentina,Brazil's Biodiesel Blend Increased to 12% Vegetable Oil (B12),Domestic Corn Prices in Brazil 20% Higher Than a Year Ago,Brazil's Largest Sugar Mill May Add Corn to Produce Ethanol,Half of Brazil's Safrinha Corn Planted after Ideal Window Closes,Reaction to USDA's 2020 Outlook Conference,"Brazilian Government Releases ""Pre-Cost"" Funding","3,84",0,0
2020-03-10,"Last Week was ""Best Week Ever"" for Brazilian Grain Producers",Only Minor Problems being Reported for Brazilian Logistics,Domestic Corn Prices in Brazil remain Strong,Safrinha Corn off to a Good Start in Southwestern Goias,Grain Logistics in Argentina are Tenuous at Best,Southern Safrinha Corn Areas of Brazil need Rain,Parana Farmers to Increase 2020 Winter Wheat Acreage by 5%,Brazilians Advised to Sell their Soy before Potential Stronger Real,Brazilian Producers Bullish on Future of Corn Ethanol Production,Virus Threat leads to Uncertainty of Grain Transport in Brazil,"3,76",0,-1
2020-04-09,Soy Prices Continue to Increase in Brazil due to Weaker Currency,2019/20 Argentina Corn Harvest Advanced 2% last Week to 37%,U.S. Corn Planting 51% Complete Soy 23% both Ahead of Average,2019/20 Safrinha Corn in Southern Brazil Waiting for Rain,Dry Weather a Concern for Southern Safrinha Corn in Brazil,Brazilian Farmers Expected to Increase their Winter Wheat Acreage,Paraguay Ethanol Production Impacted by Corvid-19 Pandemic,Domestic Soybean Prices in Brazil Set Records Last Friday,Brazilian Ports Operating Normally for Grain Exports,Brazil Produced Record Ethanol in 2019/20 4.7% Made from Corn,"3,44",0,-1
2020-05-12,Agricultural Equipment Sales Surge in Brazil,Brazil's Cotton Acreage to Decline in 2020/21 More Corn and Soy,Brazil's Safrinha Corn 2% Harvested,2020 U.S. Crops Starting off in Generally Good Condition,2020 U.S. Corn Crop 78% Emerged Off to Good Start,2019/20 Safrinha Corn Harvest Starting in Mato Grosso,2019/20 Argentina Soybeans 93% Harvested Corn 43% Harvested,Safrinha Corn Helped by Recent Rains in Southern Brazil,Itaipu Dam Opens Spillway to Increase Water Level of Parana River,Yacyreta Dam Increases Water Discharge to Aid Parana River,"3,17",0,-1
2020-06-11,Conab Increases Soy Estimate 0.4 mt Lowers Corn Estimate 0.4 mt,Worrisome Forecast for Corn in Eastern Corn Belt,2020 U.S. Corn Condition Declines 2% Soy Condition Unchanged,Increased Acreage and Late Rains Help Brazil Safrinha Corn,2020 U.S. Crop Conditions Improve 1% for both Corn and Soybeans,Currency Volatility Spurred Soybean Sales in Brazil,Depressed Ethanol Sales in Brazil show Signs of Recovery,Safrinha Corn Harvest in Mato Grosso is 16% Parana is 4%,Early Safrinha Corn Harvest Underway in Eastern Goias,2020 U.S. Crop Condition-Split Decision Corn up 1% Soy Down 2%,"3,23",1,1
2020-07-10,2020 U.S. Corn Condition Declines 1% Soybeans Improve 1%,Port of Paranagua to Continue Loading very Large Grain Vessels,Corn Prices in Brazil supported by Exports Livestock and Ethanol,2020 U.S. Crops in Good Condition Estimates Moving Higher,2020/21 Argentina Soybean and Corn Acreage Estimates,2020/21 Paraguay Soybean and Corn Acreage Estimates,2020 U.S. Corn Condition Unchanged Soybeans up 1% to 73% G/Ex,Brazilian Corn Acreage could Increase 2.3% in 2020/21,Brazilian Soybean Acreage could Increase 4.2% in 2020/21,2020 U.S. Corn Estimates moving Higher,"3,33",1,1
2020-08-12,Mato Grosso to Produce More Corn than Soybeans in 2020/21,U.S. Corn Condition down 1 to 61% G/E Soy down 1 to 65% G/E,Annual Month-By-Month Crop Production Cycle in Brazil,Strong Exports Forces Brazil to Import Soybeans Corn and Rice,Spot Commodity Prices in Mato Grosso near Record High Levels,2020 U.S. Corn Condition Declines 2% Corn is 12% Mature,2020 U.S. Soybean Condition Declines 3% 8% Dropping Leaves,2020 U.S. Corn Crop Declines 2% G/E Soybeans Decline 3% G/E,Brazil Backtracks on Suspension of Tariffs for Imported Grain,If Needed Brazil will temporarily suspend Tariffs on Soy Corn Rice,"3,2",0,-1
2020-09-11,2020/21 Argentina Corn 15.4% Planted 20.8% Average,Corn Prices in Southern Brazil hit R$ 70.00 per sack ($5.80 per bu.),Soybean Oil Prices in Brazil Record High Carryover Record Low,"""Northern Arc"" of Ports Increase Share of Brazil's Grain Exports",Corn Prices in Mato Grosso continue to Set Record Highs,2020 U.S. Corn 15% Harvested Soybeans 20% Harvested,2020 U.S. Corn Condition 61% G/E 8% Harvested,2020 U.S. Corn Condition Improves 1% G/E Soybeans Unchanged,U.S. Registers Sale of 30000 Tons of Rice to Brazil,2020 U.S. Corn Yield Estimated at 176.0 bu/ac,"3,42",1,1
2020-10-08,2020/21 Argentina Corn 30% Planted Soybeans 2-3% Planted,Soybean and Corn Prices Continue to Set Records in Brazil,Completion of BR-163 Lowers Freight Costs out of Mato Grosso,2020/21 Argentina Corn 28% Planted Soybeans 1-2% Planted,Spot Prices for Soy and Corn Continue to Set Records in Mato Grosso,Full-Season Corn in Southern Brazil off to a Somewhat Dry Start,Domestic Corn Prices in Brazil Approach Parity with Imported Corn,2020/21 Argentina Corn 24% Planted Soybeans 1-2% Planted,2020/21 Brazil Corn 47.2% Planted vs. 54.1% Average,Brazil Set to Suspend Import Tariffs on Soybeans and Corn,"3,73",1,1
2020-11-10,Rainfall Helps Stabilize Full-Season Corn in Southern Brazil,600 Trucks Carrying Paraguay Soy and Corn Waiting to Enter Brazil,After Record Highs Soybean Prices Declining in Brazil,Soybean and Corn Prices Decline in Mato Grosso Brazil,2020/21 Brazil Full-Season Corn Impacted by Dry Weather,2020/21 Argentina Corn 32% Planted vs. 46% Last Year,Higher Corn Prices in Brazil could Compensate for Lower Yields,Argentina Farmers Continue to be Slow Sellers of their 2019/20 Soy,Parana Soybeans 92% Planted Full-Season Corn 98% Planted,Dryness Worries Soy Farmers in Argentina Forward Sales very Slow,"4,04",1,1
2020-12-10,Grain Inspectors Selectively Strike Exporters in Argentina,Argentina Suspends Corn Exports Until at Least March,2020/21 Argentina Corn Only 61% Planted vs. 80% Average,Early Weather Concerns Impact Soybean Production in Mato Grosso,Farmers in Southern Brazil Completing Full-Season Corn Planting,Brazil's Biodiesel will Increase to 13% Vegetable Oil in March 2021,More of Mato Grosso's Corn being Consumed Internally,Imea Estimates 14% of Mato Grosso's Corn will be Planted Late,2020/21 Brazil Full-Season Corn Impacted by Dry Weather,2020/21 Argentina Corn 47% Planted 24% Rated Good/Excellent,"4,21",1,1
